"year","gdp","log_gdp","growth_pct"
1969,142.3,4.95793750509581,NA
1970,156.67,5.0541416824054,9.62041773095894
1971,164.86,5.10509662888508,5.09549464796857
1972,170.98,5.14154659059809,3.64499617130063
1973,185.35,5.22224592959674,8.06993389986532
1974,193.45,5.26501908114652,4.27731515497811
1975,204.12,5.31870805619577,5.36889750492486
1976,208.12,5.3381148364221,1.94067802263325
1977,230.36,5.43964330263847,10.1528466216369
1978,272.81,5.60877558218896,16.9132279550483
1979,286.43,5.65749417820409,4.87185960151351
1980,311.89,5.74265056154158,8.51563833374929
1981,324.76,5.78308644799425,4.04358864526628
1982,337.07,5.82029062391609,3.72041759218451
1983,351.81,5.86309125714108,4.28006332249913
1984,390.85,5.96832385466634,10.5232597525257
1985,466.75,6.14579378242183,17.7469927755492
1986,490.83,6.1960978356631,5.03040532412635
1987,545.46,6.30162947536182,10.5531639698727
1988,648.3,6.47435355218095,17.2724076819128
1989,696.54,6.546125221578,7.17716693970498
1990,781.66,6.66141986339125,11.5294641813252
1991,893.77,6.79544847138022,13.4028607988968
1992,1114.32,7.01599963237978,22.0551160999556
1993,1519.23,7.32595890653849,30.9959274158713
1994,1990.86,7.59632198516797,27.0363078629484
1995,2499.43,7.82381798486034,22.7495999692368
1996,2957.55,7.99211650188039,16.8298517020046
1997,3438.79,8.1428749443049,15.0758442424515
1998,3801.09,8.24304314668841,10.0168202383507
1999,4188.73,8.340152864346,9.71097176575917
2000,4771.17,8.47034683682429,13.0193972478292
2001,5210.12,8.55835816711172,8.8011330287431
2002,5741.03,8.65539391572444,9.70357486127185
2003,6694.23,8.80900124030859,15.3607324584145
2004,8072.83,8.99625938132615,18.7258141017564
2005,9247.66,9.13212582553044,13.5866444204286
2006,10572.24,9.2659869769421,13.3861151411663
2007,12494.01,9.43300460843738,16.7017631495279
2008,14069.86,9.55179019981017,11.8785591372795
2009,15046.45,9.61889736195419,6.71071621440191
2010,17165.98,9.7506847971837,13.1787435229503
2011,19195.69,9.86244105364999,11.175625646629
2012,20181.72,9.91253252317935,5.00914695293613
2013,21818.15,9.99049747119136,7.79649480120135
2014,23567.7,10.0676324094972,7.71349383057984
2015,25123.45,10.1315569519161,6.39245424189276
2016,28178.65,10.2463198779886,11.4762926072503
2017,30632.99,10.3298328117783,8.35129337896685
2018,32679.87,10.3945145709979,6.46817592195923
