"model","year","actual","predicted","lower95","upper95"
"drift",1994,1990.86,1676.77312246159,1462.67787149205,1922.20594773993
"ets",1994,1990.86,1945.74803701924,1724.26388411768,2195.68214496444
"arima",1994,1990.86,2071.27198013138,1823.83789586485,2352.27463219421
"drift",1995,2499.43,2212.45351030735,1904.83185883256,2569.75465449813
"ets",1995,2499.43,2594.51294409801,2304.72836068612,2920.73353715669
"arima",1995,2499.43,2596.17547986376,2307.20715578773,2921.33591270204
"drift",1996,2957.55,2790.69000304782,2392.39728807117,3255.29155711004
"ets",1996,2957.55,3185.65027815911,2833.42831590641,3581.65676462111
"arima",1996,2957.55,3185.96609906991,2835.95959116398,3579.16946914489
"drift",1997,3438.79,3309.30508347871,2840.99730689505,3854.80834809626
"ets",1997,3438.79,3624.84429611946,3217.37796509445,4083.91439043253
"arima",1997,3438.79,3436.76608834114,3046.66693467239,3876.81403948468
"drift",1998,3801.09,3853.05920320535,3315.01856479538,4478.4259675245
"ets",1998,3801.09,4072.81708111151,3615.26579714611,4588.27646622499
"arima",1998,3801.09,3934.5671327299,3495.61520564415,4428.63919831979
"drift",1999,4188.73,4257.01143322229,3672.19912298437,4934.95742895813
"ets",1999,4188.73,4280.96369508768,3797.63056409,4825.81173954981
"arima",1999,4188.73,4153.84809511055,3695.13612234882,4669.50429590283
"drift",2000,4771.17,4688.61906813232,4054.45552671818,5421.97309137782
"ets",2000,4771.17,4641.066204429,4124.85781875657,5221.8758707145
"arima",2000,4771.17,4565.97025959233,4069.72265987562,5122.72853799791
"drift",2001,5210.12,5343.57596207566,4631.51443548725,6165.11174912679
"ets",2001,5210.12,5392.05860991563,4800.23412221972,6056.8495853533
"arima",2001,5210.12,5360.58675744658,4782.47483241383,6008.58162166385
"drift",2002,5741.03,5830.57739363388,5064.00527867423,6713.19062132862
"ets",2002,5741.03,5747.90059404392,5123.53634838787,6448.35109824215
"arima",2002,5741.03,5634.54328194621,5033.41763933008,6307.45951777421
"drift",2003,6694.23,6421.69929515895,5589.24354124181,7378.1400887539
"ets",2003,6694.23,6328.26658907138,5651.41288594241,7086.18514176726
"arima",2003,6694.23,6260.55395132738,5601.51503447711,6997.13122900502
"drift",2004,8072.83,7497.071980939,6534.406701807,8601.55953743093
"ets",2004,8072.83,7672.63506371121,6852.99907025963,8590.30159165926
"arima",2004,8072.83,7655.55292729348,6935.24084163197,8450.67849277467
"drift",2005,9247.66,9060.14140346143,7895.46594806663,10396.6203882896
"ets",2005,9247.66,9608.79983873188,8587.08370675106,10752.0827202634
"arima",2005,9247.66,9595.9275216973,8689.56065480497,10596.8332185759
"drift",2006,10572.24,10384.5613965842,9066.07161097678,11894.8007501794
"ets",2006,10572.24,10709.6555662817,9579.20117138008,11973.5164025023
"arima",2006,10572.24,10413.3237512201,9435.54335572709,11492.4289423043
"drift",2007,12494.01,11877.7329603288,10388.080937196,13581.0012580594
"ets",2007,12494.01,12133.1859293646,10868.7186169824,13544.7614373334
"arima",2007,12494.01,12385.6934415348,11236.0538447407,13652.9607411488
"drift",2008,14069.86,14055.5066759848,12303.1619551916,16057.4386192883
"ets",2008,14069.86,14633.567235428,13123.9650916425,16316.8134430775
"arima",2008,14069.86,14464.7393402766,13140.0001280418,15923.0351707254
"drift",2009,15046.45,15828.7200644054,13879.7567554991,18051.352288868
"ets",2009,15046.45,16043.1075292474,14397.7984839321,17876.4343369739
"arima",2009,15046.45,15990.3830607905,14542.2761330532,17582.6911888746
"drift",2010,17165.98,16905.9575809851,14835.4463619849,19265.4399979798
"ets",2010,17165.98,16389.7136834436,14701.5100961027,18271.7770398613
"arima",2010,17165.98,16416.990845252,14917.1998793214,18067.5723723927
"drift",2011,19195.69,19294.6102184789,16957.9694621982,21953.2170000012
"ets",2011,19195.69,19303.2725108985,17323.6704601281,21509.0866850428
"arima",2011,19195.69,19993.0446151911,18171.2857831996,21997.4435355911
"drift",2012,20181.72,21573.3696757779,18990.6405991135,24507.350172774
"ets",2012,20181.72,21505.7865272552,19326.2539547622,23931.1174963582
"arima",2012,20181.72,20918.0639115609,19016.744171585,23009.4801644311
"drift",2013,21818.15,22646.3883428436,19934.4084762158,25727.3199546797
"ets",2013,21818.15,21679.1015681782,19473.0622934645,24135.055787354
"arima",2013,21818.15,22064.3065655925,20072.040682619,24254.3163357581
"drift",2014,23567.7,24461.9428081521,21554.348280312,27761.7600944065
"ets",2014,23567.7,23538.1462171363,21169.6721301681,26171.606434553
"arima",2014,23567.7,23705.0267454126,21586.367055231,26031.6287387762
"drift",2015,25123.45,26401.6341053972,23286.1509436829,29933.9416428704
"ets",2015,25123.45,25446.6122755776,22914.4720858911,28258.5640147596
"arima",2015,25123.45,25580.061386663,23318.7168983152,28060.7009124385
"drift",2016,28178.65,28114.1121188199,24810.8775336725,31857.1279535302
"ets",2016,28178.65,26899.3987449687,24250.2649571002,29837.9277142276
"arima",2016,28178.65,26737.9629084879,24417.2985377571,29279.187433048
"drift",2017,30632.99,31534.5374726779,27867.4178549964,35684.2194275072
"ets",2017,30632.99,31095.9547562474,28040.5239457351,34484.3200531443
"arima",2017,30632.99,31667.7614078736,28892.3162380814,34709.8205738248
"drift",2018,32679.87,34260.4633852574,30308.0724498633,38728.2745649453
"ets",2018,32679.87,33476.7757252494,30218.8661339299,37085.9220194342
"arima",2018,32679.87,32583.2403485662,29740.758343174,35697.3934343576
