year,gdp
1969,142.30
1970,156.67
1971,164.86
1972,170.98
1973,185.35
1974,193.45
1975,204.12
1976,208.12
1977,230.36
1978,272.81
1979,286.43
1980,311.89
1981,324.76
1982,337.07
1983,351.81
1984,390.85
1985,466.75
1986,490.83
1987,545.46
1988,648.30
1989,696.54
1990,781.66
1991,893.77
1992,1114.32
1993,1519.23
1994,1990.86
1995,2499.43
1996,2957.55
1997,3438.79
1998,3801.09
1999,4188.73
2000,4771.17
2001,5210.12
2002,5741.03
2003,6694.23
2004,8072.83
2005,9247.66
2006,10572.24
2007,12494.01
2008,14069.86
2009,15046.45
2010,17165.98
2011,19195.69
2012,20181.72
2013,21818.15
2014,23567.70
2015,25123.45
2016,28178.65
2017,30632.99
2018,32679.87
